Workbook

Sheet Overzicht
B2: Paella Receptencalculator — volledige specificatie
B3: Hugo Paella (hugopaella.nl / hugopaella.es)
B4: Bijgewerkt: 10 september 2026
B6: Dit werkboek is 1-op-1 overgenomen uit de broncode die nu op de website live staat (js/calculator.js en js/calculator-ui.js). Het is bedoeld als leesbare, aanpasbare basis om de rekenregels te optimaliseren -- niet als los document ernaast: als je hier iets wijzigt, geef je aan wat en waarom, dan verwerk ik het terug in de code.
B8: Scope: dit werkboek beschrijft alleen de 4 velden die de calculator nu al berekent -- rijst, vocht, paellapan en gasbrander -- plus de validatie en foutmeldingen. De ingrediëntenlijsten per gerecht en de receptteksten (voor de PDF) staan hier nog niet in; dat volgt in aparte stappen zodra die content er is (zie Foutmeldingen_Randgevallen, onderaan, voor de status daarvan).
B10: Tabblad | C10: Inhoud
B11: Rekenregels | C11: De formules voor rijst en vocht, met alle factoren, in leesbare vorm.
B12: Portiegrootte_Gasten | C12: Grammages per portiegrootte + toegestane gasten-range per portiegrootte.
B13: Rijst_Pan_Brander | C13: De opzoektabel rijst (g) -> aanbevolen pan (cm) + brander (cm).
B14: Pangrootte_lijst | C14: Alle beschikbare pangroottes, gebruikt voor de 'voorkeur past net'-tolerantie.
B15: Voorbeeldberekeningen | C15: 7 doorgerekende voorbeelden (met live formules) die de hele logica laten zien, incl. het 46/42 cm-randgeval.
B16: Foutmeldingen_Randgevallen | C16: Alle validatie- en foutscenario's, in NL en ES, plus de eerder genomen beslissingen.

Sheet Rekenregels
B1: Rekenregels
B2: Bron: js/calculator.js (functies computeRiceGrams, computeLiquidLiters).
B4: 1. Rijst
B5: Formule: | C5: Rijst (g) = Aantal gasten x rijst per persoon (g)
B6: Geen afronding: | C6: de rijsthoeveelheid wordt exact getoond (geen ronde getallen).
B7: Rijst per persoon en toegestane gasten-aantallen: | C7: zie tabblad Portiegrootte_Gasten
B9: 2. Vocht (bouillon / water)
B10: Formule: | C10: Vocht (L) = vochtbasis per gerecht x (rijst / 100) x correctiefactor
B11: Afronding: | C11: op 1 decimaal (bv. 3.45 -> 3.5 L).
B13: Gerecht | C13: Vochtbasis (L per 100 g rijst)
B14: Paella Valenciana | C14: 0.7
B15: Paella de Marisco | C15: 0.3
B16: Paella de Verduras | C16: 0.3
B17: Fideuà | C17: 0.3
B19: Correctiefactor -- buiten: | C19: factor = 1 + windfactor (windsterkte telt volledig mee)
B20: Windsterkte | C20: Correctiefactor
B21: Geen | C21: 0
B22: Weinig | C22: 0.05
B23: Veel | C23: 0.1
B25: Correctiefactor -- binnen: | C25: factor = vast (dus altijd -5%) -> | D25: 0.95
B26: Windsterkte bij binnen: | C26: wordt genegeerd -- in de site-UI staat het windveld dan ook vast op 'Geen' en is het uitgeschakeld (disabled), zodat dit nooit kan afwijken.
B28: 3. Paellapan & gasbrander
B29: Methode: | C29: GEEN formule -- opzoektabel op rijsthoeveelheid. Zie tabblad Rijst_Pan_Brander. Dat is bewust de bron van waarheid (rechtstreeks uit het tabblad 'Rijst pan brander' van het oorspronkelijke spreadsheet), niet een geometrische vuistformule.
B30: Opzoekregel: | C30: neem de eerstvolgende tabelstap die groter of gelijk is aan de rijsthoeveelheid (dus naar boven afgerond op een veelvoud van 100 g).
B31: Buiten tabelbereik: | C31: onder 400 g rijst -> eerste rij (pan 46 / brander 30) wordt gebruikt; boven 5000 g -> laatste rij (pan 130 / brander 90). Bij de huidige gasten-grenzen (zie Portiegrootte_Gasten) komt dit in de praktijk niet voor: alle geldige combinaties vallen binnen 400-5000 g.
B33: 4. Voorkeur paellapan (optioneel invoerveld)
B34: Stap 1 | C34: Geen voorkeur ingevuld -> gebruik gewoon de standaard pan/brander uit stap 3.
B35: Stap 2 | C35: Voorkeur ingevuld -> zoek de positie van de standaardpan en van de voorkeurpan in de Pangrootte_lijst (26 beschikbare diameters, zie dat tabblad).
B36: Stap 3 | C36: Ligt de voorkeurpan maximaal 1 stap (in die lijst) van de standaardpan af, EN is er in Rijst_Pan_Brander een brander bekend die bij exact die voorkeurpan-diameter hoort -> gebruik de voorkeurpan + die brander.
B37: Stap 4 | C37: In alle andere gevallen (meer dan 1 stap verschil, OF geen brander bekend voor die diameter) -> 'voorkeur pangrootte lukt niet': val terug op de standaard pan/brander uit stap 3, en toon de foutmelding (zie Foutmeldingen_Randgevallen).
B39: Let op: | C39: Rijst_Pan_Brander kent alleen branders toe aan de 13 pangroottes 46 t/m 130 cm. De 13 kleinere maten in de Pangrootte_lijst (15 t/m 42 cm) hebben GEEN bijpassende brander -- een voorkeur voor zo'n kleine maat kan dus nooit slagen, ook niet als hij maar 1 stap van de standaardpan afligt. Dat is precies het 46/42 cm-randgeval waarover met Hugo is afgesproken: behandelen als 'voorkeur lukt niet'. Zie tabblad Pangrootte_lijst, kolom C.

Sheet Portiegrootte_Gasten
B1: Portiegrootte & toegestane aantal gasten
B2: Bron: js/calculator.js (PORTIE_GRAM, GASTEN_RANGE).
B4: Portiegrootte | C4: Rijst per persoon (g) | D4: Min. gasten | E4: Max. gasten
B5: Klein (80 g p.p.) | C5: 80 | D5: 6 | E5: 50
B6: Normaal (100 g p.p.) | C6: 100 | D6: 4 | E6: 50
B7: Groot (120 g p.p.) | C7: 120 | D7: 4 | E7: 40
B9: Let op: | C9: buiten deze min/max-grenzen geeft de calculator een foutmelding i.p.v. een resultaat (zie Foutmeldingen_Randgevallen). Er wordt hier NIET afgerond of geclampt.

Sheet Rijst_Pan_Brander
B1: Rijst -> pan -> brander (opzoektabel)
B2: Bron: js/calculator.js (RIJST_PAN_BRANDER), 1-op-1 uit tabblad 'Rijst pan brander' kolommen D/E van het oorspronkelijke spreadsheet.
B3: Opzoekregel: neem de bovenste rij waarvan de rijstgrens >= de berekende rijsthoeveelheid (dus de eerstvolgende hogere tabelstap).
B5: Rijstgrens (g) >= | C5: Pan (cm) | D5: Brander (cm)
B6: 400 | C6: 46 | D6: 30
B7: 500 | C7: 50 | D7: 35
B8: 600 | C8: 55 | D8: 40
B9: 700 | C9: 60 | D9: 45
B10: 800 | C10: 60 | D10: 45
B11: 900 | C11: 65 | D11: 45
B12: 1000 | C12: 70 | D12: 50
B13: 1100 | C13: 70 | D13: 50
B14: 1200 | C14: 75 | D14: 60
B15: 1300 | C15: 80 | D15: 60
B16: 1400 | C16: 80 | D16: 60
B17: 1500 | C17: 85 | D17: 60
... B52: 5000 | C52: 130 | D52: 90

Sheet Pangrootte_lijst
B1: Beschikbare paellapan-diameters
B2: Bron: js/calculator.js (PANGROOTTE_LIST). Gebruikt om te bepalen of een voorkeurpan 'maximaal 1 stap' van de standaardpan afligt.
B4: Index (0-based) | C4: Pangrootte (cm) | D4: Brander bekend in Rijst_Pan_Brander?
B5: 0 | C5: 15 | D5: =IF(COUNTIF(Rijst_Pan_Brander!$C$6:$C$52,C5)>0,"ja","nee (geen brander bekend)") -> nee (geen brander bekend)
B6: 1 | C6: 20 | D6: =IF(COUNTIF(Rijst_Pan_Brander!$C$6:$C$52,C6)>0,"ja","nee (geen brander bekend)") -> nee (geen brander bekend)
B7: 2 | C7: 22 | D7: =IF(COUNTIF(Rijst_Pan_Brander!$C$6:$C$52,C7)>0,"ja","nee (geen brander bekend)") -> nee (geen brander bekend)
B8: 3 | C8: 24 | D8: =IF(COUNTIF(Rijst_Pan_Brander!$C$6:$C$52,C8)>0,"ja","nee (geen brander bekend)") -> nee (geen brander bekend)
B9: 4 | C9: 26 | D9: =IF(COUNTIF(Rijst_Pan_Brander!$C$6:$C$52,C9)>0,"ja","nee (geen brander bekend)") -> nee (geen brander bekend)
B10: 5 | C10: 28 | D10: =IF(COUNTIF(Rijst_Pan_Brander!$C$6:$C$52,C10)>0,"ja","nee (geen brander bekend)") -> nee (geen brander bekend)
B11: 6 | C11: 30 | D11: =IF(COUNTIF(Rijst_Pan_Brander!$C$6:$C$52,C11)>0,"ja","nee (geen brander bekend)") -> nee (geen brander bekend)
B12: 7 | C12: 32 | D12: =IF(COUNTIF(Rijst_Pan_Brander!$C$6:$C$52,C12)>0,"ja","nee (geen brander bekend)") -> nee (geen brander bekend)
B13: 8 | C13: 34 | D13: =IF(COUNTIF(Rijst_Pan_Brander!$C$6:$C$52,C13)>0,"ja","nee (geen brander bekend)") -> nee (geen brander bekend)
B14: 9 | C14: 36 | D14: =IF(COUNTIF(Rijst_Pan_Brander!$C$6:$C$52,C14)>0,"ja","nee (geen brander bekend)") -> nee (geen brander bekend)
B15: 10 | C15: 38 | D15: =IF(COUNTIF(Rijst_Pan_Brander!$C$6:$C$52,C15)>0,"ja","nee (geen brander bekend)") -> nee (geen brander bekend)
B16: 11 | C16: 40 | D16: =IF(COUNTIF(Rijst_Pan_Brander!$C$6:$C$52,C16)>0,"ja","nee (geen brander bekend)") -> nee (geen brander bekend)
... B30: 25 | C30: 130 | D30: =IF(COUNTIF(Rijst_Pan_Brander!$C$6:$C$52,C30)>0,"ja","nee (geen brander bekend)") -> ja
B32: Let op: | C32: de eerste 13 maten (15 t/m 42 cm) hebben geen bijpassende brander -- een voorkeur voor zo'n maat kan dus nooit slagen, hoe dicht ook bij de standaardpan. Zie Rekenregels, sectie 4.

Sheet Voorbeeldberekeningen
B1: Voorbeeldberekeningen (live formules)
B2: Let op: dit zijn 7 zelf samengestelde voorbeelden om de volledige logica stap voor stap te laten zien (o.a. het 46/42 cm-randgeval) -- dit zijn NIET de oorspronkelijke 15 testcases uit jouw eigen Testdata-tabblad. Kolommen I t/m Y zijn echte Excel-formules die verwijzen naar de andere tabbladen: pas een tabel aan (bv. Rijst_Pan_Brander) en deze rijen rekenen automatisch opnieuw.
B3: Blauw = invoer (zoals je die op de site zou intypen). Zwart = berekend met een formule.
B5: # | C5: Gerecht | D5: Portiegrootte | E5: Gasten | F5: Bereiding | G5: Wind | H5: Voorkeur pan (cm) | I5: Rijst p.p. (g) | J5: Rijst (g) | K5: Vochtbasis (L/100g) | L5: Windfactor | M5: Correctie- factor | N5: Vocht exact (L) | O5: Vocht afgerond (L) | P5: Rijst afgerond naar tabelstap | Q5: Standaard pan (cm) | R5: Standaard brander (cm) | S5: Idx std. pan | T5: Idx voork. pan | U5: Binnen 1 stap? | V5: Brander bekend voor voorkeur? | W5: Voorkeur gelukt? | X5: Eindpan (cm) | Y5: Eindbrander (cm)
B6: 1 | C6: Paella Valenciana | D6: Normaal (100 g p.p.) | E6: 4 | F6: Buiten | G6: Weinig | I6: =INDEX(Portiegrootte_Gasten!$C$5:$C$7,MATCH(D6,Portiegrootte_Gasten!$B$5:$B$7,0)) -> 100 | J6: =E6*I6 -> 400 | K6: =INDEX(Rekenregels!$C$14:$C$17,MATCH(C6,Rekenregels!$B$14:$B$17,0)) -> 0.7 | L6: =IF(F6="Binnen",0,INDEX(Rekenregels!$C$21:$C$23,MATCH(G6,Rekenregels!$B$21:$B$23,0))) -> 0.05 | M6: =IF(F6="Binnen",Rekenregels!$D$25,1+L6) -> 1.05 | N6: =K6*(J6/100)*M6 -> 2.94 | O6: =ROUND(N6,1) -> 2.9 | P6: =MIN(5000,MAX(400,CEILING(J6,100))) -> 400 | Q6: =INDEX(Rijst_Pan_Brander!$C$6:$C$52,MATCH(P6,Rijst_Pan_Brander!$B$6:$B$52,0)) -> 46 | R6: =INDEX(Rijst_Pan_Brander!$D$6:$D$52,MATCH(P6,Rijst_Pan_Brander!$B$6:$B$52,0)) -> 30 | S6: =MATCH(Q6,Pangrootte_lijst!$C$5:$C$30,0) -> 14 | T6: =IF(H6="","",IFERROR(MATCH(H6,Pangrootte_lijst!$C$5:$C$30,0),"onbekende maat")) | U6: =IF(H6="","n.v.t.",IF(ISNUMBER(T6),IF(ABS(T6-S6)<=1,"ja","nee"),"nee")) -> n.v.t. | V6: =IF(H6="","n.v.t.",IFERROR(INDEX(Rijst_Pan_Brander!$D$6:$D$52,MATCH(H6,Rijst_Pan_Brander!$C$6:$C$52,0)),"nee (onbekend)")) -> n.v.t. | W6: =IF(H6="","n.v.t. (geen voorkeur)",IF(AND(U6="ja",ISNUMBER(V6)),"ja","nee (val terug op standaard)")) -> n.v.t. (geen voorkeur) | X6: =IF(W6="ja",H6,Q6) -> 46 | Y6: =IF(W6="ja",V6,R6) -> 30
B7: 2 | C7: Paella Valenciana | D7: Normaal (100 g p.p.) | E7: 4 | F7: Buiten | G7: Weinig | H7: 42 | I7: =INDEX(Portiegrootte_Gasten!$C$5:$C$7,MATCH(D7,Portiegrootte_Gasten!$B$5:$B$7,0)) -> 100 | J7: =E7*I7 -> 400 | K7: =INDEX(Rekenregels!$C$14:$C$17,MATCH(C7,Rekenregels!$B$14:$B$17,0)) -> 0.7 | L7: =IF(F7="Binnen",0,INDEX(Rekenregels!$C$21:$C$23,MATCH(G7,Rekenregels!$B$21:$B$23,0))) -> 0.05 | M7: =IF(F7="Binnen",Rekenregels!$D$25,1+L7) -> 1.05 | N7: =K7*(J7/100)*M7 -> 2.94 | O7: =ROUND(N7,1) -> 2.9 | P7: =MIN(5000,MAX(400,CEILING(J7,100))) -> 400 | Q7: =INDEX(Rijst_Pan_Brander!$C$6:$C$52,MATCH(P7,Rijst_Pan_Brander!$B$6:$B$52,0)) -> 46 | R7: =INDEX(Rijst_Pan_Brander!$D$6:$D$52,MATCH(P7,Rijst_Pan_Brander!$B$6:$B$52,0)) -> 30 | S7: =MATCH(Q7,Pangrootte_lijst!$C$5:$C$30,0) -> 14 | T7: =IF(H7="","",IFERROR(MATCH(H7,Pangrootte_lijst!$C$5:$C$30,0),"onbekende maat")) -> 13 | U7: =IF(H7="","n.v.t.",IF(ISNUMBER(T7),IF(ABS(T7-S7)<=1,"ja","nee"),"nee")) -> ja | V7: =IF(H7="","n.v.t.",IFERROR(INDEX(Rijst_Pan_Brander!$D$6:$D$52,MATCH(H7,Rijst_Pan_Brander!$C$6:$C$52,0)),"nee (onbekend)")) -> nee (onbekend) | W7: =IF(H7="","n.v.t. (geen voorkeur)",IF(AND(U7="ja",ISNUMBER(V7)),"ja","nee (val terug op standaard)")) -> nee (val terug op standaard) | X7: =IF(W7="ja",H7,Q7) -> 46 | Y7: =IF(W7="ja",V7,R7) -> 30
B8: 3 | C8: Paella Valenciana | D8: Normaal (100 g p.p.) | E8: 10 | F8: Buiten | G8: Weinig | I8: =INDEX(Portiegrootte_Gasten!$C$5:$C$7,MATCH(D8,Portiegrootte_Gasten!$B$5:$B$7,0)) -> 100 | J8: =E8*I8 -> 1000 | K8: =INDEX(Rekenregels!$C$14:$C$17,MATCH(C8,Rekenregels!$B$14:$B$17,0)) -> 0.7 | L8: =IF(F8="Binnen",0,INDEX(Rekenregels!$C$21:$C$23,MATCH(G8,Rekenregels!$B$21:$B$23,0))) -> 0.05 | M8: =IF(F8="Binnen",Rekenregels!$D$25,1+L8) -> 1.05 | N8: =K8*(J8/100)*M8 -> 7.35 | O8: =ROUND(N8,1) -> 7.4 | P8: =MIN(5000,MAX(400,CEILING(J8,100))) -> 1000 | Q8: =INDEX(Rijst_Pan_Brander!$C$6:$C$52,MATCH(P8,Rijst_Pan_Brander!$B$6:$B$52,0)) -> 70 | R8: =INDEX(Rijst_Pan_Brander!$D$6:$D$52,MATCH(P8,Rijst_Pan_Brander!$B$6:$B$52,0)) -> 50 | S8: =MATCH(Q8,Pangrootte_lijst!$C$5:$C$30,0) -> 19 | T8: =IF(H8="","",IFERROR(MATCH(H8,Pangrootte_lijst!$C$5:$C$30,0),"onbekende maat")) | U8: =IF(H8="","n.v.t.",IF(ISNUMBER(T8),IF(ABS(T8-S8)<=1,"ja","nee"),"nee")) -> n.v.t. | V8: =IF(H8="","n.v.t.",IFERROR(INDEX(Rijst_Pan_Brander!$D$6:$D$52,MATCH(H8,Rijst_Pan_Brander!$C$6:$C$52,0)),"nee (onbekend)")) -> n.v.t. | W8: =IF(H8="","n.v.t. (geen voorkeur)",IF(AND(U8="ja",ISNUMBER(V8)),"ja","nee (val terug op standaard)")) -> n.v.t. (geen voorkeur) | X8: =IF(W8="ja",H8,Q8) -> 70 | Y8: =IF(W8="ja",V8,R8) -> 50
B9: 4 | C9: Paella Valenciana | D9: Normaal (100 g p.p.) | E9: 10 | F9: Buiten | G9: Weinig | H9: 65 | I9: =INDEX(Portiegrootte_Gasten!$C$5:$C$7,MATCH(D9,Portiegrootte_Gasten!$B$5:$B$7,0)) -> 100 | J9: =E9*I9 -> 1000 | K9: =INDEX(Rekenregels!$C$14:$C$17,MATCH(C9,Rekenregels!$B$14:$B$17,0)) -> 0.7 | L9: =IF(F9="Binnen",0,INDEX(Rekenregels!$C$21:$C$23,MATCH(G9,Rekenregels!$B$21:$B$23,0))) -> 0.05 | M9: =IF(F9="Binnen",Rekenregels!$D$25,1+L9) -> 1.05 | N9: =K9*(J9/100)*M9 -> 7.35 | O9: =ROUND(N9,1) -> 7.4 | P9: =MIN(5000,MAX(400,CEILING(J9,100))) -> 1000 | Q9: =INDEX(Rijst_Pan_Brander!$C$6:$C$52,MATCH(P9,Rijst_Pan_Brander!$B$6:$B$52,0)) -> 70 | R9: =INDEX(Rijst_Pan_Brander!$D$6:$D$52,MATCH(P9,Rijst_Pan_Brander!$B$6:$B$52,0)) -> 50 | S9: =MATCH(Q9,Pangrootte_lijst!$C$5:$C$30,0) -> 19 | T9: =IF(H9="","",IFERROR(MATCH(H9,Pangrootte_lijst!$C$5:$C$30,0),"onbekende maat")) -> 18 | U9: =IF(H9="","n.v.t.",IF(ISNUMBER(T9),IF(ABS(T9-S9)<=1,"ja","nee"),"nee")) -> ja | V9: =IF(H9="","n.v.t.",IFERROR(INDEX(Rijst_Pan_Brander!$D$6:$D$52,MATCH(H9,Rijst_Pan_Brander!$C$6:$C$52,0)),"nee (onbekend)")) -> 45 | W9: =IF(H9="","n.v.t. (geen voorkeur)",IF(AND(U9="ja",ISNUMBER(V9)),"ja","nee (val terug op standaard)")) -> ja | X9: =IF(W9="ja",H9,Q9) -> 65 | Y9: =IF(W9="ja",V9,R9) -> 45
B10: 5 | C10: Paella de Marisco | D10: Klein (80 g p.p.) | E10: 6 | F10: Buiten | G10: Geen | I10: =INDEX(Portiegrootte_Gasten!$C$5:$C$7,MATCH(D10,Portiegrootte_Gasten!$B$5:$B$7,0)) -> 80 | J10: =E10*I10 -> 480 | K10: =INDEX(Rekenregels!$C$14:$C$17,MATCH(C10,Rekenregels!$B$14:$B$17,0)) -> 0.3 | L10: =IF(F10="Binnen",0,INDEX(Rekenregels!$C$21:$C$23,MATCH(G10,Rekenregels!$B$21:$B$23,0))) -> 0 | M10: =IF(F10="Binnen",Rekenregels!$D$25,1+L10) -> 1 | N10: =K10*(J10/100)*M10 -> 1.44 | O10: =ROUND(N10,1) -> 1.4 | P10: =MIN(5000,MAX(400,CEILING(J10,100))) -> 500 | Q10: =INDEX(Rijst_Pan_Brander!$C$6:$C$52,MATCH(P10,Rijst_Pan_Brander!$B$6:$B$52,0)) -> 50 | R10: =INDEX(Rijst_Pan_Brander!$D$6:$D$52,MATCH(P10,Rijst_Pan_Brander!$B$6:$B$52,0)) -> 35 | S10: =MATCH(Q10,Pangrootte_lijst!$C$5:$C$30,0) -> 15 | T10: =IF(H10="","",IFERROR(MATCH(H10,Pangrootte_lijst!$C$5:$C$30,0),"onbekende maat")) | U10: =IF(H10="","n.v.t.",IF(ISNUMBER(T10),IF(ABS(T10-S10)<=1,"ja","nee"),"nee")) -> n.v.t. | V10: =IF(H10="","n.v.t.",IFERROR(INDEX(Rijst_Pan_Brander!$D$6:$D$52,MATCH(H10,Rijst_Pan_Brander!$C$6:$C$52,0)),"nee (onbekend)")) -> n.v.t. | W10: =IF(H10="","n.v.t. (geen voorkeur)",IF(AND(U10="ja",ISNUMBER(V10)),"ja","nee (val terug op standaard)")) -> n.v.t. (geen voorkeur) | X10: =IF(W10="ja",H10,Q10) -> 50 | Y10: =IF(W10="ja",V10,R10) -> 35
B11: 6 | C11: Fideuà | D11: Groot (120 g p.p.) | E11: 40 | F11: Binnen | G11: Geen | I11: =INDEX(Portiegrootte_Gasten!$C$5:$C$7,MATCH(D11,Portiegrootte_Gasten!$B$5:$B$7,0)) -> 120 | J11: =E11*I11 -> 4800 | K11: =INDEX(Rekenregels!$C$14:$C$17,MATCH(C11,Rekenregels!$B$14:$B$17,0)) -> 0.3 | L11: =IF(F11="Binnen",0,INDEX(Rekenregels!$C$21:$C$23,MATCH(G11,Rekenregels!$B$21:$B$23,0))) -> 0 | M11: =IF(F11="Binnen",Rekenregels!$D$25,1+L11) -> 0.95 | N11: =K11*(J11/100)*M11 -> 13.68 | O11: =ROUND(N11,1) -> 13.7 | P11: =MIN(5000,MAX(400,CEILING(J11,100))) -> 4800 | Q11: =INDEX(Rijst_Pan_Brander!$C$6:$C$52,MATCH(P11,Rijst_Pan_Brander!$B$6:$B$52,0)) -> 130 | R11: =INDEX(Rijst_Pan_Brander!$D$6:$D$52,MATCH(P11,Rijst_Pan_Brander!$B$6:$B$52,0)) -> 90 | S11: =MATCH(Q11,Pangrootte_lijst!$C$5:$C$30,0) -> 26 | T11: =IF(H11="","",IFERROR(MATCH(H11,Pangrootte_lijst!$C$5:$C$30,0),"onbekende maat")) | U11: =IF(H11="","n.v.t.",IF(ISNUMBER(T11),IF(ABS(T11-S11)<=1,"ja","nee"),"nee")) -> n.v.t. | V11: =IF(H11="","n.v.t.",IFERROR(INDEX(Rijst_Pan_Brander!$D$6:$D$52,MATCH(H11,Rijst_Pan_Brander!$C$6:$C$52,0)),"nee (onbekend)")) -> n.v.t. | W11: =IF(H11="","n.v.t. (geen voorkeur)",IF(AND(U11="ja",ISNUMBER(V11)),"ja","nee (val terug op standaard)")) -> n.v.t. (geen voorkeur) | X11: =IF(W11="ja",H11,Q11) -> 130 | Y11: =IF(W11="ja",V11,R11) -> 90
B12: 7 | C12: Paella de Verduras | D12: Normaal (100 g p.p.) | E12: 50 | F12: Buiten | G12: Veel | I12: =INDEX(Portiegrootte_Gasten!$C$5:$C$7,MATCH(D12,Portiegrootte_Gasten!$B$5:$B$7,0)) -> 100 | J12: =E12*I12 -> 5000 | K12: =INDEX(Rekenregels!$C$14:$C$17,MATCH(C12,Rekenregels!$B$14:$B$17,0)) -> 0.3 | L12: =IF(F12="Binnen",0,INDEX(Rekenregels!$C$21:$C$23,MATCH(G12,Rekenregels!$B$21:$B$23,0))) -> 0.1 | M12: =IF(F12="Binnen",Rekenregels!$D$25,1+L12) -> 1.1 | N12: =K12*(J12/100)*M12 -> 16.5 | O12: =ROUND(N12,1) -> 16.5 | P12: =MIN(5000,MAX(400,CEILING(J12,100))) -> 5000 | Q12: =INDEX(Rijst_Pan_Brander!$C$6:$C$52,MATCH(P12,Rijst_Pan_Brander!$B$6:$B$52,0)) -> 130 | R12: =INDEX(Rijst_Pan_Brander!$D$6:$D$52,MATCH(P12,Rijst_Pan_Brander!$B$6:$B$52,0)) -> 90 | S12: =MATCH(Q12,Pangrootte_lijst!$C$5:$C$30,0) -> 26 | T12: =IF(H12="","",IFERROR(MATCH(H12,Pangrootte_lijst!$C$5:$C$30,0),"onbekende maat")) | U12: =IF(H12="","n.v.t.",IF(ISNUMBER(T12),IF(ABS(T12-S12)<=1,"ja","nee"),"nee")) -> n.v.t. | V12: =IF(H12="","n.v.t.",IFERROR(INDEX(Rijst_Pan_Brander!$D$6:$D$52,MATCH(H12,Rijst_Pan_Brander!$C$6:$C$52,0)),"nee (onbekend)")) -> n.v.t. | W12: =IF(H12="","n.v.t. (geen voorkeur)",IF(AND(U12="ja",ISNUMBER(V12)),"ja","nee (val terug op standaard)")) -> n.v.t. (geen voorkeur) | X12: =IF(W12="ja",H12,Q12) -> 130 | Y12: =IF(W12="ja",V12,R12) -> 90
C14: Toelichting bij regel 2: | D14: dit is het 46/42 cm-randgeval: standaardpan is 46 cm, voorkeur 42 cm ligt maar 1 stap verderop in de Pangrootte_lijst, maar voor 42 cm is geen brander bekend -> 'voorkeur lukt niet', calculator valt terug op 46/30.
C15: Toelichting bij regel 4: | D15: standaardpan is 70 cm, voorkeur 65 cm ligt 1 stap verderop EN heeft een bekende brander (45 cm) -> voorkeur lukt, calculator toont 65/45 i.p.v. 70/50.

Sheet Foutmeldingen_Randgevallen
B1: Validatie, foutmeldingen en randgevallen
B2: Bron: js/calculator.js (validateGasten, applyPreference) en js/calculator-ui.js (teksten TEXT.nl / TEXT.es).
B4: Validatiefouten bij 'Aantal gasten'
B5: Situatie | C5: Bericht (NL) | D5: Bericht (ES) | E5: Wanneer
B6: Leeg | C6: Vul het aantal gasten in. | D6: Indica el número de invitados. | E6: Veld 'Aantal gasten' leeg of geen geldig getal.
B7: Te weinig bij 'Klein' | C7: Bij een kleine portie reken ik met minimaal 6 gasten. | D7: Para una ración pequeña calculo con un mínimo de 6 invitados. | E7: Portie 'Klein' + minder dan 6 gasten.
B8: Te veel bij 'Groot' | C8: Bij grote porties reken ik tot maximaal 40 gasten. | D8: Para raciones grandes calculo hasta un máximo de 40 invitados. | E8: Portie 'Groot' + meer dan 40 gasten.
B9: Buiten bereik (algemeen) | C9: Kies een aantal tussen {min} en {max} gasten. | D9: Elige un número entre {min} y {max} invitados. | E9: Overige buiten-bereik-gevallen (bv. te veel gasten bij 'Klein', te weinig bij 'Groot' of 'Normaal'); {min}/{max} = de grenzen van de gekozen portiegrootte, zie Portiegrootte_Gasten.
B11: Melding bij voorkeurpan die niet lukt
B12: Situatie | C12: Bericht (NL) | D12: Bericht (ES) | E12: Weergave
B13: Voorkeurpan ligt meer dan 1 stap van standaardpan, OF geen brander bekend voor die maat (zie Rekenregels sectie 4 en Pangrootte_lijst). | C13: Voorkeur pangrootte lukt niet bij dit aantal gasten: ik gebruik {pan} cm met bijpassende brander van {brander} cm (in plaats van de gevraagde {gevraagd} cm). | D13: La paellera preferida no encaja con este número de invitados: uso {pan} cm con el quemador correspondiente de {brander} cm (en lugar de los {gevraagd} cm solicitados). | E13: Rode melding (calc-notice-error) onder de resultaatkaarten -- sinds 9/10 sept bewust dezelfde stijl als een validatiefout, om beter op te vallen.
B15: Beslissingen die eerder met Hugo genomen zijn
B16: Randgeval kleinste pan | C16: Standaardpan 46 cm met voorkeur 42 cm: 1 stap verschil, maar geen brander bekend voor 42 cm -> behandelen als 'voorkeur lukt niet' (zie ook Voorbeeldberekeningen, regel 2).
B17: Afronding ingrediënten (toekomstig) | C17: Marisco/Verduras/Fideuà missen in het oorspronkelijke spreadsheet de 'nauwkeurigheid'-kolom die Valencia wel heeft -> zodra de ingrediëntenlijsten gebouwd worden, wordt daar eenzelfde soort afrondingsregel per ingrediënt afgeleid (hoofdingrediënt op tientallen, groenten op vijftallen, kruiden per halve/hele eenheid).
B18: Recept-PDF-knop | C18: Uitgesteld tot na de rekentool; staat nu als 'binnenkort'-tekst onder de resultaten, in beide talen.
